,models,MSE,MAE,r2
0,LinearRegression,0.13631533378807506,0.2870541746751016,0.2979484055750946
1,SVR,0.12180407206433254,0.26129369893385296,0.37268434427813846
2,DecisionTreeRegressor,0.03588708691355844,0.07006864464217234,0.8151742295837529
3,RandomForestRegressor,0.027393448526586147,0.08484044927997082,0.8589181885818866
4,ExtraTreesRegressor,0.029291943868356606,0.0740775645607281,0.8491405528261738
